method,coverage_80,coverage_90,coverage_95,avg_width,avg_width_80,avg_width_90,avg_width_95,MAE,RMSE,dir_acc
text_only,0.7279102384291725,0.8751753155680224,0.9312762973352033,0.1759251247311131,0.12141204081778988,0.1725129848186557,0.23385034855689368,0.05110923395116848,0.06323968308627595,0.5301542776998598
financial_only,0.4586255259467041,0.6774193548387096,0.879382889200561,0.26208183013521663,0.18021180169555362,0.25658288133461493,0.3494508073754814,0.09945730687449944,0.11165751544309484,0.4684431977559607
sentiment_only,0.18653576437587657,0.5932678821879382,0.8962131837307152,0.22273465338720588,0.15371612425088355,0.21841421959438448,0.29607361631634965,0.10165344916511772,0.10918319574391468,0.4684431977559607
full_multimodal,0.8316970546984572,0.9102384291725105,0.9593267882187938,0.182862644327056,0.12610401311519834,0.17925700452918994,0.2432269153367798,0.037116363461139654,0.05251433891776788,0.5315568022440392
naive_conformal,0.8274894810659187,0.9004207573632539,0.9607293127629734,0.17497506536312268,0.1240351959480914,0.171641331706591,0.2292486684346857,0.037116363461139654,0.05251433891776788,0.5315568022440392
ours,0.8330995792426368,0.9144460028050491,0.9607293127629734,0.18508653579718728,0.12763138657227263,0.18143426978998903,0.2461939510293002,0.037116363461139654,0.05251433891776788,0.5315568022440392
same_ticker_baseline,0.34642356241234223,0.4417952314165498,0.5553997194950911,0.043702297397359924,0.0309794027498374,0.04286965407530152,0.057257835366940846,0.031833051287328606,0.04859557588398214,0.485273492286115
