method,coverage_80,coverage_90,coverage_95,avg_width,avg_width_80,avg_width_90,avg_width_95,MAE,RMSE,dir_acc
text_only,0.43478260869565216,0.6157082748948106,0.9312762973352033,0.10199835939509616,0.04954896563713714,0.07332309370998914,0.18312301883816218,0.03044480905629486,0.04592846110503879,0.4894810659186536
financial_only,0.3702664796633941,0.879382889200561,0.9803646563814866,0.2294855487509838,0.059729938987031224,0.21096528373622084,0.4177614235296992,0.03400037633450646,0.05008814803367536,0.5343618513323983
sentiment_only,0.758765778401122,0.9424964936886395,0.9957924263674615,0.2823062079648177,0.07734692469239235,0.18896376341581345,0.5806079357862473,0.029133551431813103,0.04589543668697249,0.5301542776998598
full_multimodal,0.5778401122019635,0.8457223001402524,0.9144460028050491,0.13506187790788818,0.06767394527764194,0.13726664793665871,0.20024504050936387,0.029728555345459942,0.04573608835708807,0.5133239831697055
naive_conformal,0.7307152875175316,0.8835904628330996,0.9509116409537167,0.1762800564368566,0.11108177900314331,0.17506377398967743,0.24269461631774902,0.04251565366890265,0.05777330586577134,0.5315568022440392
ours,0.8541374474053296,0.9256661991584852,0.9719495091164095,0.21410154935008227,0.13465312652114836,0.21090002908001734,0.2967514924490811,0.029728555345459942,0.04573608835708807,0.5133239831697055
same_ticker_baseline,0.8387096774193549,0.9270687237026648,0.97054698457223,0.1762800564368566,0.11108177900314331,0.17506377398967743,0.24269461631774902,0.029771160453477854,0.04669325478581894,0.47685834502103785
