method,coverage_80,coverage_90,coverage_95,avg_width,avg_width_80,avg_width_90,avg_width_95,MAE,RMSE,dir_acc
text_only,0.8120617110799438,0.9256661991584852,0.97054698457223,0.17784408795507559,0.09471462902104871,0.18254609418533962,0.25627154065883845,0.029463633216613334,0.04557612756434081,0.48106591865357645
financial_only,0.16129032258064516,0.6507713884992987,0.8920056100981767,0.20675558847264694,0.11003124359281923,0.21232458559793618,0.29791093622718545,0.08979317762106144,0.09952317606963007,0.5301542776998598
sentiment_only,0.1458625525946704,0.6283309957924264,0.8779803646563815,0.20377712257708025,0.1085258148853415,0.20916477032494768,0.29364078252095155,0.09260684633104645,0.10097472604297725,0.5301542776998598
full_multimodal,0.814866760168303,0.9228611500701263,0.97054698457223,0.17784972007780864,0.09471727566382851,0.18255202484906605,0.2562798597205313,0.028968218773573886,0.04536194047991295,0.5483870967741935
naive_conformal,0.7938288920056101,0.9228611500701263,0.9635343618513323,0.1577756894721201,0.0852194161949998,0.1639781737255848,0.22412947849577564,0.028968218773573886,0.04536194047991295,0.5483870967741935
ours,0.814866760168303,0.9228611500701263,0.97054698457223,0.17784972007780864,0.09471727566382851,0.18255202484906605,0.2562798597205313,0.028968218773573886,0.04536194047991295,0.5483870967741935
ours_explanation_augmented,0.8288920056100981,0.9298737727910238,0.9747545582047685,0.18329434315545826,0.10178475049470931,0.18709559665701525,0.26100268231465024,0.028968218773573886,0.04536194047991295,0.5483870967741935
same_ticker_baseline,0.6044880785413744,0.8513323983169705,0.9298737727910238,0.11142955538286242,0.06018646908384404,0.11581007854802919,0.15829211851671404,0.029771160453477854,0.04669325478581894,0.47685834502103785
