method,coverage_80,coverage_85,coverage_90,coverage_95,avg_width,avg_width_80,avg_width_85,avg_width_90,avg_width_95,MAE,RMSE,dir_acc,avg_explanation_confidence,avg_predicted_variance_proxy,avg_variance_weighted_explanation_error
text_only,0.2244039270687237,0.6016830294530154,0.8499298737727911,0.9873772791023843,0.270696481359668,0.0446925412779896,0.2588448107156375,0.30435731171579383,0.4748912617292511,0.030896428551334336,0.046542800270554116,0.48667601683029454,0.9000000000000002,0.02329625873438833,0.28281381892657614
financial_only,0.2131837307152875,0.605890603085554,0.9747545582047685,0.9971949509116409,0.3795883080152713,0.08777091040590786,0.1938127029196034,0.4405535420645838,0.7962160766709904,0.03508132072115401,0.04970720195970452,0.511921458625526,0.9000000000000002,0.051605082590525986,0.23077100486633262
sentiment_only,0.9004207573632539,0.9873772791023843,1.0,1.0,0.5416042022407055,0.17457370460033417,0.30751195549964905,0.7451083064079285,0.9392228424549103,0.03192262697226004,0.04692750559595276,0.4684431977559607,0.9000000000000002,0.13879659706952285,0.11996021887507036
full_multimodal,0.5525946704067322,0.8569424964936886,0.9635343618513323,0.9929873772791024,0.2800098112565537,0.07554348441804817,0.16667827008211095,0.3059307724409861,0.5718867180850696,0.03399001276935695,0.048714042434084066,0.514726507713885,0.9000000000000002,0.027007638592367468,0.3536059682620547
naive_conformal,0.8260869565217391,0.879382889200561,0.9200561009817672,0.9607293127629734,0.20111300703138113,0.149541724473238,0.17480453103780746,0.20474191009998322,0.27536386251449585,0.045269494702356874,0.06281442601949969,0.47545582047685836,0.9000000000000002,0.027007638592367468,0.4747417579059182
ours,0.9032258064516129,0.9340813464235624,0.9537166900420757,0.9817671809256662,0.20111300703138113,0.149541724473238,0.17480453103780746,0.20474191009998322,0.27536386251449585,0.02939904537370126,0.04537731517229274,0.520336605890603,0.9000000000000002,0.027007638592367468,0.31094993827968936
same_ticker_baseline,0.8962131837307152,0.9270687237026648,0.9453015427769986,0.9789621318373072,0.20111300703138113,0.149541724473238,0.17480453103780746,0.20474191009998322,0.27536386251449585,0.029771160453477854,0.04669325478581894,0.47685834502103785,1.0,0.0019587187694625817,1.3263835508594717
