method,coverage_80,coverage_90,coverage_95,avg_width,avg_width_80,avg_width_90,avg_width_95,MAE,RMSE,dir_acc,avg_explanation_confidence,avg_predicted_variance_proxy,avg_variance_weighted_explanation_error
text_only,0.7475455820476858,0.8723702664796634,0.9354838709677419,0.1280221584862139,0.08182089450294974,0.13061618893230947,0.17162939202338248,0.03007583144597391,0.04580165266356033,0.48246844319775595,0.009272397639733304,0.004285645135058747,0.24044591806683488
financial_only,0.4109396914446003,0.7994389901823282,0.967741935483871,0.20339556833029893,0.06614024672908042,0.19563800472959478,0.3484084535322216,0.03262535329229479,0.04777340803770702,0.5161290322580645,0.009272397639733304,0.00995833146493783,0.18229738835636095
sentiment_only,0.814866760168303,0.9326788218793829,0.9957924263674615,0.2794756467143695,0.10525523126125336,0.17878489941358566,0.5543868094682693,0.031022797717075556,0.046410576817347476,0.4684431977559607,0.009272397639733304,0.007991010064581486,0.1770005199782042
full_multimodal,0.7180925666199158,0.876577840112202,0.9368863955119214,0.1547982907449533,0.08811398655918086,0.1538448253434888,0.22243606033219027,0.029910986802968012,0.045857662939112684,0.5273492286115007,0.009272397639733304,0.006557806832184767,0.21618292285667243
naive_conformal,0.7896213183730715,0.9144460028050491,0.9621318373071529,0.172496747225523,0.10417074710130692,0.16980105638504028,0.2435184381902218,0.03571890428656014,0.0515168881353671,0.5091164095371669,0.009272397639733304,0.006557806832184767,0.25851876471802665
ours,0.814866760168303,0.9032258064516129,0.9747545582047685,1.0311966618224,0.5160188663227275,0.9563425586296991,1.6212285605147736,0.028866253813248047,0.044994326420339174,0.5273492286115007,0.009272397639733304,0.006557806832184767,0.21032629813034728
same_ticker_baseline,0.8316970546984572,0.9242636746143057,0.97054698457223,0.172496747225523,0.10417074710130692,0.16980105638504028,0.2435184381902218,0.029771160453477854,0.04669325478581894,0.47685834502103785,1.0,0.0019587187694625817,1.3263835508594717
