method,coverage_80,coverage_90,coverage_95,avg_width,avg_width_80,avg_width_90,avg_width_95,MAE,RMSE,dir_acc
text_only,0.8162692847124825,0.9214586255259467,0.9663394109396914,0.16650185723851446,0.09508623530330661,0.16508047814117766,0.2393388582710591,0.029460905266459215,0.046033479709866286,0.5301542776998598
financial_only,0.7419354838709677,0.9032258064516129,0.97054698457223,0.186672263980847,0.1065380813897509,0.18425848824107852,0.26922022231171155,0.044122427345744494,0.0573861689153446,0.5301542776998598
sentiment_only,0.7924263674614306,0.9046283309957924,0.9733520336605891,0.18457594179020262,0.10540802200933584,0.18300026936298147,0.2653195339982905,0.038389428456402565,0.05263126135307599,0.5301542776998598
full_multimodal,0.8008415147265077,0.9046283309957924,0.967741935483871,0.1675099343742815,0.09557132281913963,0.16570803130595202,0.24125044899775286,0.03213558976967812,0.048057829854161564,0.5315568022440392
naive_conformal,0.791023842917251,0.9032258064516129,0.9663394109396914,0.16333214113423114,0.09424172938595743,0.1655738043033407,0.23018088971339537,0.03213558976967812,0.048057829854161564,0.5315568022440392
ours,0.85273492286115,0.9551192145862553,0.9845722300140253,0.2128261485815038,0.12142612056173172,0.21053614935132187,0.30651617583145785,0.03213558976967812,0.048057829854161564,0.5315568022440392
same_ticker_baseline,0.6633941093969145,0.8597475455820477,0.9396914446002805,0.11576108677685681,0.06679349782406332,0.11734985774894925,0.16313990475755788,0.028907491154009136,0.045465250827977526,0.001402524544179523
