method,coverage_80,coverage_90,coverage_95,avg_width,avg_width_80,avg_width_90,avg_width_95,MAE,RMSE,dir_acc
text_only,0.6746143057503506,0.8653576437587658,0.938288920056101,0.7950580505985027,0.7394350217596238,0.7947435352652981,0.8509955947705857,0.3525092205013154,0.35545711585122186,0.4684431977559607
financial_only,0.2903225806451613,0.5287517531556802,0.729312762973352,0.8208717566497703,0.7632647452907516,0.8205538376127468,0.8787966870458127,0.40907860428270304,0.4148764685027229,0.4684431977559607
sentiment_only,0.09957924263674614,0.2538569424964937,0.5035063113604488,0.7635576858561263,0.7101358211493844,0.7632564794791572,0.8172807569398371,0.40579474870034943,0.40833373497913156,0.4684431977559607
full_multimodal,0.8218793828892006,0.9158485273492286,0.9663394109396914,0.8200759005452284,0.762630590772835,0.8197576357181866,0.8778394751446639,0.3460239747869673,0.35029157368831115,0.4684431977559607
naive_conformal,0.7601683029453016,0.8681626928471248,0.9537166900420757,0.8029877484301847,0.7451575624955984,0.7944259564319627,0.8693797263629928,0.3460239747869673,0.35029157368831115,0.4684431977559607
ours,0.8218793828892006,0.9158485273492286,0.9663394109396914,0.8200759005452284,0.762630590772835,0.8197576357181866,0.8778394751446639,0.3460239747869673,0.35029157368831115,0.4684431977559607
ours_explanation_augmented,0.8415147265077139,0.9284712482468443,0.9719495091164095,0.824975619001263,0.7677646560281466,0.8236053448717681,0.8835568561038744,0.3460239747869673,0.35029157368831115,0.4684431977559607
same_ticker_baseline,0.18092566619915848,0.19074333800841514,0.2131837307152875,0.016604525647011294,0.015408688216864305,0.01642748123369767,0.017977407490471907,0.029771160453477854,0.04669325478581894,0.47685834502103785
