method,coverage_80,coverage_90,coverage_95,avg_width,avg_width_80,avg_width_90,avg_width_95,MAE,RMSE,dir_acc
text_only,0.7896213183730715,0.879382889200561,0.9495091164095372,0.13807468723251526,0.08395748121011422,0.13545951562185846,0.19480706486557312,0.029462585044526927,0.04590646174001031,0.5357643758765779
financial_only,0.8120617110799438,0.8976157082748948,0.9579242636746143,0.16577717411207743,0.10075202680749488,0.16193697530460932,0.23464252022412807,0.030548883558489837,0.046996616447136104,0.5301542776998598
sentiment_only,0.7671809256661991,0.8667601683029453,0.9354838709677419,0.13240124280383103,0.08048996240899084,0.1298433228506305,0.1868704431518718,0.029962600078586414,0.04657332199348766,0.5301542776998598
full_multimodal,0.8190743338008415,0.908835904628331,0.9691444600280504,0.16693522498982494,0.10152969652960325,0.16331341670172134,0.23596256173815025,0.030196648741219825,0.04643028482988298,0.5497896213183731
naive_conformal,0.8106591865357644,0.9074333800841514,0.9663394109396914,0.16398980267552835,0.10013084716196359,0.16317386573485254,0.2286646951297689,0.030196648741219825,0.04643028482988298,0.5497896213183731
ours,0.8345021037868162,0.9298737727910238,0.9733520336605891,0.17981958105108706,0.10936581982388932,0.17592145083036437,0.2541714724990075,0.030196648741219825,0.04643028482988298,0.5497896213183731
same_ticker_baseline,0.5371669004207573,0.7349228611500701,0.8401122019635343,0.08879114333448801,0.05421515397608533,0.08834935992680386,0.12380891610057483,0.031833051287328606,0.04859557588398214,0.485273492286115
