method,coverage_80,coverage_90,coverage_95,avg_width,avg_width_80,avg_width_90,avg_width_95,MAE,RMSE,dir_acc,avg_explanation_confidence,avg_llm_stated_confidence,avg_predicted_variance_proxy,avg_variance_weighted_explanation_error,selected_confidence_signal
text_only,0.28751753155680226,0.8302945301542777,0.9270687237026648,0.10445814310647494,0.022424785334089193,0.10647607814170536,0.1844735658436303,0.029038097709029563,0.04531492096655595,0.4908835904628331,0.459569476344044,0.4263841053159461,0.002843369732025594,0.5428062704976424,
financial_only,0.6311360448807855,0.9144460028050491,0.9901823281907434,0.24554580713693241,0.10474248961147135,0.22795810262694807,0.40393682917237783,0.03098781073616075,0.04699468991768496,0.511921458625526,0.459569476344044,0.4263841053159461,0.013336431712875763,0.28034185584649135,
sentiment_only,0.7489481065918654,0.9593267882187938,0.9957924263674615,0.2790722884237766,0.09257002547383308,0.2250559851527214,0.5195908546447754,0.0288692349142473,0.045473167875338574,0.5301542776998598,0.459569476344044,0.4263841053159461,0.012662549113265491,0.25655158555020735,
full_multimodal,0.8022440392706872,0.9074333800841514,0.9537166900420757,0.16859367489814758,0.10648027807474136,0.1716599389910698,0.2276408076286316,0.02930259219688598,0.04546899659980161,0.5245441795231417,0.459569476344044,0.4263841053159461,0.006310460140599624,0.45866974633138474,
naive_conformal,0.8022440392706872,0.9074333800841514,0.9537166900420757,0.16859367489814758,0.10648027807474136,0.1716599389910698,0.2276408076286316,0.036310225741236164,0.05176605460862687,0.511921458625526,0.459569476344044,0.4263841053159461,0.006310460140599624,0.5720685561436777,
ours,0.8176718092566619,0.9228611500701263,0.9691444600280504,0.17811243982186356,0.09766060310934,0.1832696701147036,0.2534070462415471,0.02930259219688598,0.04546899659980161,0.5245441795231417,0.459569476344044,0.4263841053159461,0.006310460140599624,0.45866974633138474,llm_stated_confidence
same_ticker_baseline,0.8330995792426368,0.9256661991584852,0.9607293127629734,0.16859367489814758,0.10648027807474136,0.1716599389910698,0.2276408076286316,0.029771160453477854,0.04669325478581894,0.47685834502103785,0.5,0.5,0.0019587187694625817,0.8842557005729812,
