method,coverage_80,coverage_90,coverage_95,avg_width,avg_width_80,avg_width_90,avg_width_95,MAE,RMSE,dir_acc,avg_explanation_confidence,avg_predicted_variance_proxy,avg_variance_weighted_explanation_error
text_only,0.7180925666199158,0.7868162692847125,0.8569424964936886,0.0916030691721524,0.0685678188901964,0.08875468206627171,0.1174867065599891,0.02928961075794296,0.04546231256700603,0.520336605890603,0.46992162459361436,0.0020218419458220187,0.6500435821778566
financial_only,0.5105189340813464,0.9102384291725105,0.967741935483871,0.25975246540766667,0.13848004124400326,0.261953179289549,0.3788241756894478,0.07617857941395886,0.08652891499366572,0.5301542776998598,0.46992162459361436,0.018609139457660503,0.6007074685800687
sentiment_only,0.04067321178120617,0.908835904628331,0.9901823281907434,0.21085971593856812,0.05630587786436081,0.21857846528291702,0.3576948046684265,0.05903028489781075,0.0698224179548042,0.5301542776998598,0.46992162459361436,0.01194413637135884,0.5239360988620554
full_multimodal,0.6886395511921458,0.879382889200561,0.9284712482468443,0.15337734848832127,0.08400087039212357,0.15124984796134153,0.22488132711149866,0.029373513868746877,0.04551720680838831,0.5371669004207573,0.46992162459361436,0.006724278688045834,0.43108859128358307
naive_conformal,0.8050490883590463,0.9270687237026648,0.9565217391304348,0.16491729269425073,0.099164217710495,0.16964518278837204,0.2259424775838852,0.0319635206099355,0.04811931680114118,0.5231416549789621,0.46992162459361436,0.006724278688045834,0.4710652729792944
ours,0.8302945301542777,0.9340813464235624,0.9649368863955119,0.20157372308308222,0.11632327674483209,0.20587992460731744,0.28251796789709716,0.029244721720613542,0.04543201658084663,0.5259467040673211,0.46992162459361436,0.006724278688045834,0.43182409053400317
same_ticker_baseline,0.8260869565217391,0.9242636746143057,0.9593267882187938,0.16491729269425073,0.099164217710495,0.16964518278837204,0.2259424775838852,0.029771160372442946,0.046693254832277695,0.47685834502103785,1.0,0.001958718768952718,1.3263835487611941
