method,coverage_80,coverage_90,coverage_95,avg_width,avg_width_80,avg_width_90,avg_width_95,MAE,RMSE,dir_acc
text_only,0.4488078541374474,0.8036465638148668,0.9396914446002805,0.176651288901339,0.10111592562400008,0.18247189783274215,0.24636604324727476,0.05842619081646048,0.0686145991869688,0.4684431977559607
financial_only,0.23983169705469845,0.664796633941094,0.9116409537166901,0.25915282167205683,0.1484477606482193,0.26740281332044674,0.36160789104750435,0.10562793995053485,0.11571122767242775,0.5301542776998598
sentiment_only,0.5189340813464236,0.8639551192145862,0.9551192145862553,0.2532657905817406,0.14497446389576987,0.2616063330486784,0.35321657480077345,0.07343923673464353,0.08300856647922386,0.5301542776998598
full_multimodal,0.82328190743338,0.9242636746143057,0.97054698457223,0.17970560929726195,0.10302596410752515,0.18532061499807218,0.2507702487861885,0.030215154676852443,0.04581076024499016,0.544179523141655
naive_conformal,0.788218793828892,0.9340813464235624,0.9649368863955119,0.16331262981297703,0.09335635005765829,0.16901107277173608,0.2275704666095368,0.030215154676852443,0.04581076024499016,0.544179523141655
ours,0.82328190743338,0.9242636746143057,0.97054698457223,0.17970560929726195,0.10302596410752515,0.18532061499807218,0.2507702487861885,0.030215154676852443,0.04581076024499016,0.544179523141655
ours_explanation_augmented,0.8288920056100981,0.9326788218793829,0.9733520336605891,0.1837943221305728,0.10589729283565197,0.18880342877919573,0.2566822447768707,0.030215154676852443,0.04581076024499016,0.544179523141655
same_ticker_baseline,0.15568022440392706,0.2847124824684432,0.36605890603085556,0.023621519853608813,0.013503051655421934,0.02444574198290237,0.03291576592250212,0.029771160453477854,0.04669325478581894,0.47685834502103785
