{"mean": [0.07021501751369817, 0.014194253756316237, 0.31107668718630227], "std": [1.7028482498727844, 0.09430527841920704, 0.13448276147722896]}