{"mean": [846124085577.2375, 0.01419425372621906, 0.3110766871170759], "std": [41105022136839.18, 0.0943052784457002, 0.13448276134167525]}