{"low_thresh": 0.9316949906249163, "high_thresh": 2.7815179498365907, "vol_thresh": 0.3037835598640487}