{"low_thresh": 0.1043478260869566, "high_thresh": 0.3809523809523809, "vol_thresh": 0.3037835598640487}