method,coverage_80,coverage_90,coverage_95,avg_width,avg_width_80,avg_width_90,avg_width_95,MAE,RMSE,dir_acc
text_only,0.7938288920056101,0.9326788218793829,0.967741935483871,0.17607982127998692,0.09735125516936462,0.17683051873690617,0.25405768993368993,0.032883289651126406,0.04741373766261892,0.46984572230014027
financial_only,0.07152875175315568,0.42075736325385693,0.7237026647966339,0.22563008845651844,0.12465131578425395,0.22668757370413029,0.3255513758811711,0.12785625417963264,0.1363718381703984,0.5301542776998598
sentiment_only,0.06872370266479663,0.4488078541374474,0.7657784011220197,0.22215519355529745,0.12282617119127928,0.223101570710662,0.3205378387639511,0.12435127286799105,0.1315290670831383,0.5301542776998598
full_multimodal,0.8218793828892006,0.9214586255259467,0.9733520336605891,0.17805826798100335,0.09842732628026904,0.17883155917911134,0.2569159184836297,0.029273090891702182,0.045431401226652394,0.541374474053296
naive_conformal,0.7952314165497896,0.9214586255259467,0.9663394109396914,0.1589100301412251,0.08740857766943567,0.16407201358858778,0.22524949916565182,0.029273090891702182,0.045431401226652394,0.541374474053296
ours,0.8316970546984572,0.9228611500701263,0.9775596072931276,0.18145247644844434,0.1042261568123294,0.1799760137581187,0.2601552587748849,0.029273090891702182,0.045431401226652394,0.541374474053296
same_ticker_baseline,0.5497896213183731,0.7994389901823282,0.906030855539972,0.09428893507494403,0.05186369732320966,0.09735178719128787,0.13365132071033453,0.029771160453477854,0.04669325478581894,0.47685834502103785
