method,coverage_80,coverage_90,coverage_95,avg_width,avg_width_80,avg_width_90,avg_width_95,MAE,RMSE,dir_acc
text_only,0.7980364656381487,0.9340813464235624,0.967741935483871,0.1788981428841884,0.0977385652588279,0.17961479989076784,0.2593410635029695,0.03221079280109228,0.04700770734748359,0.4684431977559607
financial_only,0.09957924263674614,0.5077138849929874,0.8190743338008415,0.23392206839902543,0.12769352756171487,0.23504031983335985,0.3390323578020016,0.12085845420596424,0.13023902153933442,0.5301542776998598
sentiment_only,0.10518934081346423,0.576437587657784,0.8667601683029453,0.23046244690078418,0.12591153174551462,0.23138358897209166,0.33409221998474625,0.11357993689936087,0.121099695391272,0.5301542776998598
full_multimodal,0.8120617110799438,0.9158485273492286,0.9747545582047685,0.18012224435109045,0.09838890435315845,0.18086446080624358,0.26111336789386924,0.02971300573026919,0.04589411583166719,0.5357643758765779
naive_conformal,0.8008415147265077,0.9228611500701263,0.9607293127629734,0.15889420090858844,0.08943076760335925,0.16510617486875429,0.2221456602536518,0.02971300573026919,0.04589411583166719,0.5357643758765779
ours,0.8120617110799438,0.9158485273492286,0.9747545582047685,0.18012224435109045,0.09838890435315845,0.18086446080624358,0.26111336789386924,0.02971300573026919,0.04589411583166719,0.5357643758765779
ours_explanation_augmented,0.8274894810659187,0.9228611500701263,0.9761570827489481,0.18478595804944062,0.10403451395894256,0.18559702745913537,0.26472633273024393,0.02971300573026919,0.04589411583166719,0.5357643758765779
same_ticker_baseline,0.49368863955119213,0.758765778401122,0.8513323983169705,0.08292018380651635,0.04667014683496591,0.08616195109338279,0.11592845349120035,0.029771160453477854,0.04669325478581894,0.47685834502103785
