method,coverage_80,coverage_90,coverage_95,avg_width,avg_width_80,avg_width_90,avg_width_95,MAE,RMSE,dir_acc
text_only,0.7559607293127629,0.9228611500701263,0.9649368863955119,0.17732173455853525,0.09871160493175538,0.17722556433283415,0.2560280344110161,0.036266280686536506,0.04992330682468034,0.4684431977559607
financial_only,0.10238429172510519,0.544179523141655,0.814866760168303,0.24135120809968447,0.13422147680366292,0.2413477334359179,0.34848441405947267,0.12156006226650073,0.13009154699752173,0.5301542776998598
sentiment_only,0.11079943899018233,0.5890603085553997,0.8723702664796634,0.23762845451494008,0.1322846244059284,0.23749777120519272,0.3431029679336991,0.11502010325011278,0.12249036706939095,0.5301542776998598
full_multimodal,0.8246844319775596,0.9270687237026648,0.9691444600280504,0.17900259029564233,0.09962763222654068,0.17890745862605947,0.2584726800343268,0.029253985575335147,0.0453423046795398,0.5259467040673211
naive_conformal,0.7980364656381487,0.9256661991584852,0.967741935483871,0.15983912408422782,0.08840523958412859,0.16362730928267985,0.22748482338587503,0.029253985575335147,0.0453423046795398,0.5259467040673211
ours,0.8274894810659187,0.9270687237026648,0.9719495091164095,0.1839641778441511,0.10239015263298076,0.18386898071076394,0.26563340018870857,0.029253985575335147,0.0453423046795398,0.5259467040673211
same_ticker_baseline,0.44039270687237025,0.7096774193548387,0.8120617110799438,0.07231078469001116,0.0399942897689313,0.07402454936321347,0.1029135149378887,0.029771160453477854,0.04669325478581894,0.47685834502103785
