method,coverage_80,coverage_90,coverage_95,avg_width,avg_width_80,avg_width_90,avg_width_95,MAE,RMSE,dir_acc,avg_explanation_confidence,avg_predicted_variance_proxy,avg_variance_weighted_explanation_error
text_only,0.043478260869565216,0.2552594670406732,0.9747545582047685,0.11285101585595225,0.02370130633843898,0.057893493566740444,0.25695824766267733,0.033089246254334806,0.0475550502139755,0.4684431977559607,0.473941431590826,0.0008547834850312112,1.1161209595082537
financial_only,0.6984572230014026,0.9593267882187938,0.9943899018232819,0.33450197962331735,0.1337104752198708,0.34409613660726107,0.5256993270428201,0.04031677667057187,0.052589397981675924,0.4796633941093969,0.473941431590826,0.030334812949094566,0.23586367887665205
sentiment_only,0.8723702664796634,0.9943899018232819,1.0,0.3973730504512787,0.13040930032730103,0.36501967906951904,0.696690171957016,0.05197185246681819,0.062262458980106176,0.4684431977559607,0.473941431590826,0.03330984152700367,0.2765913171784022
full_multimodal,0.520336605890603,0.8555399719495091,0.9453015427769986,0.15884762117399712,0.060815118889351795,0.14402111958931782,0.27170662504332177,0.029278611578933043,0.04519380608365823,0.5231416549789621,0.473941431590826,0.00615273827900026,0.4777947491952622
naive_conformal,0.791023842917251,0.9046283309957924,0.9635343618513323,0.17447399099667868,0.1149916797876358,0.16944080591201782,0.23898948729038239,0.037258475310433505,0.052088018067179664,0.520336605890603,0.473941431590826,0.00615273827900026,0.5746876139522595
ours,0.8513323983169705,0.9326788218793829,0.97054698457223,0.4294993666645719,0.19950602739235349,0.40697873993711287,0.6820133326642493,0.029278611578933043,0.04519380608365823,0.5231416549789621,0.473941431590826,0.00615273827900026,0.4777947491952622
same_ticker_baseline,0.8513323983169705,0.9242636746143057,0.9663394109396914,0.17447399099667868,0.1149916797876358,0.16944080591201782,0.23898948729038239,0.029771160453477854,0.04669325478581894,0.47685834502103785,1.0,0.0019587187694625817,1.3263835508594717
