method,coverage_80,coverage_90,coverage_95,avg_width,avg_width_80,avg_width_90,avg_width_95,MAE,RMSE,dir_acc
text_only,0.5385694249649369,0.6830294530154277,0.9144460028050491,0.09329707869696473,0.03992005848282684,0.07260235694209623,0.16736882066597109,0.03266291800053443,0.047251539646238176,0.4684431977559607
financial_only,0.4179523141654979,0.8541374474053296,0.9761570827489481,0.19170928568513512,0.0669433633270471,0.16786424739503134,0.3403202463333269,0.03497798725350601,0.050583877139393406,0.5399719495091164
sentiment_only,0.820476858345021,0.9467040673211781,0.9957924263674615,0.2587541689475377,0.09753037244081497,0.1876300498843193,0.49110208451747894,0.029429800331277928,0.045631794314077115,0.4684431977559607
full_multimodal,0.4544179523141655,0.8429172510518934,0.9495091164095372,0.1338733869882117,0.049499148325302327,0.13304853673533212,0.21907247590400059,0.029433624668973094,0.04546026399268216,0.5259467040673211
naive_conformal,0.7994389901823282,0.8962131837307152,0.9621318373071529,0.16977246229847273,0.1056334413588047,0.16877628862857819,0.23490765690803528,0.0353207280412589,0.05055904943108352,0.5259467040673211
ours,0.8120617110799438,0.9102384291725105,0.9495091164095372,0.16045322361129163,0.09983495531434622,0.15951173242687175,0.22201298309265696,0.029433624668973094,0.04546026399268216,0.5259467040673211
same_ticker_baseline,0.8316970546984572,0.9242636746143057,0.9649368863955119,0.16977246229847273,0.1056334413588047,0.16877628862857819,0.23490765690803528,0.029771160453477854,0.04669325478581894,0.47685834502103785
