method,coverage_80,coverage_90,coverage_95,avg_width,avg_width_80,avg_width_90,avg_width_95,MAE,RMSE,dir_acc,avg_explanation_confidence,avg_predicted_variance_proxy,avg_variance_weighted_explanation_error
text_only,0.6746143057503506,0.847124824684432,0.9495091164095372,0.12380998405963602,0.0549300488614873,0.12938830576220536,0.18711159755521536,0.030890309869291015,0.04624988005482104,0.46984572230014027,0.4656239650045865,0.004195757856713247,0.4585660261645959
financial_only,0.5932678821879382,0.8162692847124825,0.9635343618513323,0.186023138864066,0.06719647163883123,0.14670684071699208,0.3441661042363747,0.03617387450486536,0.051652624914957916,0.5399719495091164,0.4656239650045865,0.005738479828051128,0.5015483320082461
sentiment_only,0.6661991584852734,0.9172510518934082,0.9901823281907434,0.22125201175610223,0.05516105890274048,0.15729469805955887,0.4513002783060074,0.029009013012606555,0.045778369085057606,0.5301542776998598,0.4656239650045865,0.006185405509411948,0.35336513851189155
full_multimodal,0.7237026647966339,0.9102384291725105,0.9607293127629734,0.17036987237663626,0.09273392840864615,0.1749458190257469,0.24342986969551567,0.029219687668261964,0.04528482337430348,0.5301542776998598,0.4656239650045865,0.008508707589806517,0.3621856282137681
naive_conformal,0.7559607293127629,0.8892005610098177,0.9551192145862553,0.1699061580002308,0.1089490782469511,0.17074855975806713,0.23002083599567413,0.04106424841284866,0.05577730478633893,0.517531556802244,0.4656239650045865,0.008508707589806517,0.4901764318755245
ours,0.8387096774193549,0.9256661991584852,0.9635343618513323,0.1952853313288215,0.10791705344029585,0.19171117790038505,0.2862277626457836,0.029219687668261964,0.04528482337430348,0.5301542776998598,0.4656239650045865,0.008508707589806517,0.3621856282137681
same_ticker_baseline,0.8359046283309958,0.9242636746143057,0.9635343618513323,0.1699061580002308,0.1089490782469511,0.17074855975806713,0.23002083599567413,0.029771160453477854,0.04669325478581894,0.47685834502103785,1.0,0.0019587187694625817,1.3263835508594717
