method,coverage_80,coverage_90,coverage_95,avg_width,avg_width_80,avg_width_90,avg_width_95,MAE,RMSE,dir_acc,avg_explanation_confidence,avg_llm_stated_confidence,avg_predicted_variance_proxy,avg_variance_weighted_explanation_error,selected_confidence_signal
text_only,0.5385694249649369,0.6830294530154277,0.9144460028050491,0.09329704799771643,0.039920051011347005,0.07260235561499422,0.16736873736680807,0.032662931835834165,0.047251546623254516,0.4684431977559607,0.4578005790578616,0.42356286495835516,0.0013348357656831349,0.9215135990844656,
financial_only,0.4179523141654979,0.8541374474053296,0.9761570827489481,0.1917092921338582,0.06694335895126782,0.16786424928771915,0.3403202681625876,0.03497796761344117,0.0505838597080323,0.5399719495091164,0.4578005790578616,0.42356286495835516,0.007601590726403201,0.46289038174341296,
sentiment_only,0.820476858345021,0.9467040673211781,0.9957924263674615,0.2587542037169139,0.09753050655126572,0.18763002008199692,0.49110208451747894,0.029429825734309387,0.04563180469870566,0.4684431977559607,0.4578005790578616,0.42356286495835516,0.008801256108992642,0.3137006084788367,
full_multimodal,0.4544179523141655,0.8429172510518934,0.9495091164095372,0.13387336886377746,0.04949915736161308,0.13304853238698308,0.21907241684273618,0.029433622056567556,0.04546025891397553,0.5259467040673211,0.4578005790578616,0.42356286495835516,0.005353072672853687,0.547740540420495,
naive_conformal,0.7994389901823282,0.8962131837307152,0.9621318373071529,0.16977236544092497,0.10563291236758232,0.16877630352973938,0.23490788042545319,0.035320721067442315,0.050559044722374165,0.5259467040673211,0.4578005790578616,0.42356286495835516,0.005353072672853687,0.6521214645757436,
ours,0.8218793828892006,0.9144460028050491,0.9719495091164095,0.18263236269770236,0.1021964896878349,0.17962629772898414,0.266074300676288,0.029433622056567556,0.04546025891397553,0.5259467040673211,0.4578005790578616,0.42356286495835516,0.005353072672853687,0.547740540420495,llm_logprob_confidence
same_ticker_baseline,0.8316970546984572,0.9242636746143057,0.9649368863955119,0.16977236544092497,0.10563291236758232,0.16877630352973938,0.23490788042545319,0.029771160453477854,0.04669325478581894,0.47685834502103785,0.5,0.5,0.0019587187694625817,0.8842557005729812,
